Timestamp,Temperature,Humidity,CO2,HumidityRatio,Occupancy
11/02/2015 14:51,21.7675,31.1225,1009.5,0.005021569,1
11/02/2015 14:57,21.79,31.46333333,1027.333333,0.005084053,1
11/02/2015 15:04,21.89,31.6,1060.5,0.005137857,1
11/02/2015 15:19,21.89,31.73,1100,0.005159169,1
11/02/2015 15:36,21.89,30.65,896.5,0.004982159,1
11/02/2015 15:59,21.89,30.42666667,792.6666667,0.004945567,1
11/02/2015 16:01,21.89,30.39,797.75,0.00493956,1
11/02/2015 16:02,21.89,30.39,798,0.00493956,1
11/02/2015 16:05,21.89,30.35666667,797.5,0.004934099,1
11/02/2015 16:14,21.89,29.9175,756,0.00486216,1
11/02/2015 16:19,21.89,30.47,764.25,0.004952667,1
11/02/2015 16:32,21.89,30.1,754,0.004892053,1
11/02/2015 16:37,21.9175,30.5475,772.25,0.004973773,1
11/02/2015 16:51,21.92666667,30.19666667,786.3333333,0.004918972,1
11/02/2015 16:53,21.945,30.39,786.5,0.004956302,1
11/02/2015 16:58,21.9175,30.39,801.75,0.004947925,1
11/02/2015 17:06,21.92666667,30.53333333,807,0.004974252,1
11/02/2015 17:16,22,30.445,797,0.004982167,1
11/02/2015 17:17,21.9725,30.4175,798.25,0.004969221,1
11/02/2015 17:28,21.89,30.125,756.25,0.004896148,1
11/02/2015 17:29,21.89,30.175,751.3333333,0.004904339,1
11/02/2015 17:44,21.79,29.3675,669.25,0.004742812,1
11/02/2015 17:44,21.79,29.745,667.5,0.004804248,1
11/02/2015 17:49,21.79,29.4725,666.5,0.004759899,1
11/02/2015 17:54,21.865,29.29,636.25,0.004752084,1
11/02/2015 18:01,21.89,29.7725,648,0.004838411,1
11/02/2015 18:10,21.815,28.9725,614.75,0.004685745,1
11/02/2015 18:15,21.79,28.63333333,601.6666667,0.004623363,1
11/02/2015 18:22,21.7675,28.5,585.75,0.004595307,1
11/02/2015 19:01,21.2,29.6,752,0.004609757,0
11/02/2015 19:09,21.2,29.89,670,0.004655258,0
11/02/2015 19:12,21.2,29.76,571.6666667,0.00463486,0
11/02/2015 19:14,21.16666667,29.99666667,618.6666667,0.004662375,0
11/02/2015 19:47,21,30,520,0.004615049,0
11/02/2015 19:57,21,30.06666667,537,0.004625381,0
11/02/2015 20:38,20.89,29.59333333,497.3333333,0.004521121,0
11/02/2015 20:57,20.79,29.29666667,495.5,0.004447816,0
11/02/2015 21:08,20.79,29.89,493,0.004538553,0
11/02/2015 21:19,20.79,30.2,488,0.004585971,0
11/02/2015 21:45,20.7225,29.67,488.75,0.004486083,0
11/02/2015 22:15,20.7,29.35,485,0.004431164,0
11/02/2015 22:23,20.7,28.29,487,0.00427003,0
11/02/2015 22:38,20.5,27.79,487,0.004142308,0
12/02/2015 00:10,20.6,26.89,505,0.004032247,0
12/02/2015 01:01,20.6,26.495,521,0.003972637,0
12/02/2015 01:09,20.6,25.7,522,0.003852697,0
12/02/2015 01:33,20.66666667,25.83333333,543,0.003888857,0
12/02/2015 01:50,20.5,25.5,549,0.003798882,0
12/02/2015 02:23,20.6,25.245,547.5,0.003784073,0
12/02/2015 02:36,20.6,25.395,554.5,0.003806695,0
12/02/2015 02:42,20.5,25.29,555,0.003767407,0
12/02/2015 02:55,20.6,24.745,554,0.003708679,0
12/02/2015 04:00,20.7,24.15,586.5,0.003641489,0
12/02/2015 04:45,20.6,23.93333333,560.3333333,0.003586328,0
12/02/2015 04:52,20.6,23.7,555,0.003551165,0
12/02/2015 05:12,20.575,23.6225,560.25,0.003534003,0
12/02/2015 05:18,20.5,23.795,565,0.003543431,0
12/02/2015 05:31,20.5,23.745,585,0.003535943,0
12/02/2015 05:37,20.5,23.29,583,0.00346781,0
12/02/2015 05:57,20.5,23.9,587,0.003559157,0
12/02/2015 06:08,20.5,23.3,582.5,0.003469307,0
12/02/2015 06:53,20.6,22.53333333,635,0.003375405,0
12/02/2015 07:38,20.55,22.7,696.5,0.003389981,0
12/02/2015 08:43,20.7,22.35666667,723,0.003369614,1
12/02/2015 08:44,20.7,22.525,735.5,0.003395124,1
12/02/2015 08:51,20.9175,22.65,731.5,0.003460343,1
12/02/2015 09:02,21.34,23.745,892,0.003724553,1
12/02/2015 09:16,21.84,24.55,1000,0.003972029,1
12/02/2015 09:23,22.1,24.79,1070,0.004075665,1
12/02/2015 09:36,22.5,25.2,1135.75,0.004246321,1
12/02/2015 09:40,22.6,25.2,1149.25,0.00427237,1
12/02/2015 09:46,22.772,25.29,1202.5,0.00433303,1
12/02/2015 10:19,23.575,22.6,823.6666667,0.00406299,1
12/02/2015 10:21,23.55,22.5225,803,0.00404283,1
12/02/2015 10:24,23.525,22.6,785.5,0.004050683,1
12/02/2015 10:27,23.6,22.7,789.75,0.004087279,1
12/02/2015 10:30,23.6,22.55,792,0.004060094,1
12/02/2015 10:32,23.6,22.55,803.25,0.004060094,1
12/02/2015 10:36,23.66666667,22.85666667,806,0.004132346,1
12/02/2015 11:18,24.1,22.39,791.3333333,0.004154976,0
12/02/2015 11:44,23.89,22.6,796,0.00414128,0
12/02/2015 11:53,23.92666667,22.6,781.3333333,0.004150479,0
12/02/2015 12:42,24.2,23.0225,722,0.004299052,0
12/02/2015 12:56,24.34,23.5,805,0.004426098,0
12/02/2015 13:24,24.2,23.55,733,0.00439825,1
12/02/2015 13:36,24.2,23.8425,693.75,0.004453269,0
12/02/2015 13:59,23.96333333,24.2,662,0.004456298,0
12/02/2015 14:05,23.89,24.2,654,0.00443656,0
12/02/2015 14:37,23.6,24.7,599,0.004449968,0
12/02/2015 14:57,23.15,25.29,580.5,0.004434062,0
12/02/2015 15:08,23,25.39,569.5,0.004411221,0
12/02/2015 15:10,23,25.39,569,0.004411221,0
12/02/2015 15:38,22.7,25.7225,553.25,0.004388315,0
12/02/2015 16:13,22.34,26.315,536,0.0043923,1
12/02/2015 16:33,22.2,27.03333333,582.75,0.004474497,1
12/02/2015 16:36,22.2,27.1,591.75,0.004485611,1
12/02/2015 16:44,22.16666667,27.23,596,0.004498076,1
12/02/2015 16:45,22.175,27.29,594.25,0.004510365,1
12/02/2015 17:00,22.03333333,27.56666667,606,0.004516969,1
12/02/2015 17:06,22,27.7,623,0.004529691,1
12/02/2015 17:16,21.89,27.79,622,0.004513892,1
12/02/2015 17:23,22,27.79,616.75,0.004544515,1
12/02/2015 17:28,21.9725,27.815,615,0.004540954,1
12/02/2015 17:31,22,28.025,614,0.004583228,1
12/02/2015 17:37,21.96333333,27.92666667,625.6666667,0.004556749,1
12/02/2015 18:10,21.89,28,606,0.004548251,0
12/02/2015 18:23,21.84,28.05,597.5,0.004542441,0
12/02/2015 18:36,21.7,28.1,594,0.004511553,0
12/02/2015 19:46,21.29,27.79,562,0.004350036,0
12/02/2015 20:55,21.2,27.29,566,0.004247552,0
12/02/2015 21:03,21.2,27.195,564,0.004232666,0
12/02/2015 22:14,21,27.12666667,563.6666667,0.004170066,0
12/02/2015 22:46,21,27.55,566.5,0.004235587,0
13/02/2015 01:09,21,25.1,578,0.003856584,0
13/02/2015 01:43,21,24.8,575.5,0.003810207,0
13/02/2015 01:46,21,24.6,571.5,0.003779293,0
13/02/2015 02:25,21,24.8,577,0.003810207,0
13/02/2015 02:41,20.945,25.495,578.5,0.003904349,0
13/02/2015 02:42,20.945,25.34,578.5,0.003880464,0
13/02/2015 02:55,20.89,24.73,579.6666667,0.003773617,0
13/02/2015 03:04,20.89,24.245,577.5,0.00369917,0
13/02/2015 03:27,20.945,24.5,577,0.003751054,0
13/02/2015 03:51,20.92666667,24.26333333,585.3333333,0.003710392,0
13/02/2015 04:04,20.89,24.26,582.3333333,0.003701472,0
13/02/2015 04:11,20.89,24.395,577.5,0.003722193,0
13/02/2015 04:27,20.89,24.4,575.5,0.00372296,0
13/02/2015 04:38,20.89,24.29,580.5,0.003706077,0
13/02/2015 04:41,20.89,24.245,574,0.00369917,0
13/02/2015 05:10,20.89,24.89,569,0.003798181,0
13/02/2015 05:51,20.7,25.1,552.6666667,0.003785608,0
13/02/2015 05:57,20.7,25.65,553,0.003869076,0
13/02/2015 06:22,20.65,25.445,542.5,0.003826083,0
13/02/2015 06:42,21,25,534.5,0.003841124,0
13/02/2015 07:30,20.79,25.5,523,0.003867822,0
13/02/2015 07:34,20.89,25.89,515.5,0.003951749,0
13/02/2015 08:23,20.84,25.65,514,0.003902785,0
13/02/2015 08:38,21.2,25.29,513,0.003934293,0
13/02/2015 08:55,21.29,25.26333333,510,0.003952018,0
13/02/2015 09:04,21.5,25.84,540,0.004095523,1
13/02/2015 09:04,21.5,25.65,549,0.004065212,1
13/02/2015 09:07,21.575,25.625,547,0.004080035,1
13/02/2015 09:08,21.575,25.8975,560,0.00412371,1
13/02/2015 09:23,21.89,25.6975,587,0.00417173,1
13/02/2015 09:24,21.9175,25.7,579,0.004179195,1
13/02/2015 09:26,21.96333333,25.76,582.6666667,0.00420083,1
13/02/2015 09:32,22.175,25.445,587.75,0.004203371,1
13/02/2015 09:35,22.2,25.2,587,0.004169014,1
13/02/2015 09:36,22.2675,25.175,579,0.004182118,1
13/02/2015 10:08,22.79,24.7225,593,0.004239792,1
13/02/2015 10:11,22.85666667,24.85666667,596.3333333,0.004280339,1
13/02/2015 10:27,23.245,24.245,600.5,0.004274231,1
13/02/2015 10:27,23.26,24.26,604.3333333,0.004280797,1
13/02/2015 10:31,23.2675,24.4725,615.25,0.004320525,1
13/02/2015 10:34,23.29,24.42666667,610,0.004318283,1
13/02/2015 10:38,23.315,24.4725,619,0.004333024,1
13/02/2015 11:29,23.745,25.365,707.5,0.004611038,1
13/02/2015 11:31,23.79,25.315,700.25,0.004614453,1
13/02/2015 11:34,23.79,25.34,701,0.004619043,1
13/02/2015 11:38,23.89,25.34,702,0.004647116,1
13/02/2015 11:42,23.89,25.35666667,692,0.004650195,1
13/02/2015 11:58,23.945,25.1,660,0.004618132,1
13/02/2015 12:04,23.89,25.125,663.3333333,0.004607395,1
13/02/2015 12:36,23.85666667,24.96333333,593.6666667,0.004568298,1
13/02/2015 12:38,23.84,25,595.5,0.00457044,1
13/02/2015 12:48,23.79,25.06666667,591.25,0.004568854,1
13/02/2015 12:51,23.82333333,25.23,598,0.004608144,1
13/02/2015 12:53,23.79,25.2,599,0.004593335,1
13/02/2015 12:58,23.79,25.29,588,0.004609862,1
13/02/2015 13:54,23.6,26.1,547.6666667,0.0047041,1
13/02/2015 14:03,23.5,26.23,545,0.004699082,1
13/02/2015 14:04,23.5,26.2225,548,0.004697729,1
13/02/2015 14:06,23.5,26.3975,545.25,0.004729318,1
13/02/2015 14:08,23.445,26.39,586.5,0.004712188,1
13/02/2015 14:10,23.445,26.6475,561.5,0.004758519,1
13/02/2015 14:16,23.5,26.79,567,0.00480018,1
13/02/2015 14:18,23.5,26.8675,573.5,0.004814174,1
13/02/2015 14:23,23.445,26.7675,558.5,0.004780112,1
13/02/2015 14:31,23.39,27,568,0.004805854,1
13/02/2015 14:35,23.35666667,27.13333333,557.3333333,0.004819988,1
13/02/2015 14:37,23.29,27.29,557.75,0.004828408,1
13/02/2015 14:42,23.29,27.5,556.5,0.004865854,1
13/02/2015 14:45,23.2,27.625,549.5,0.004861431,1
13/02/2015 14:47,23.2,27.7,549.5,0.004874732,1
13/02/2015 14:50,23.175,27.8675,563.5,0.004896978,1
13/02/2015 14:55,23.1,28.1975,561,0.004932829,1
13/02/2015 14:57,23.1,28.13333333,557.6666667,0.004921515,1
13/02/2015 14:58,23.075,28.1,558.75,0.004908151,1
13/02/2015 15:21,22.89,28.6,571.25,0.0049401,1
13/02/2015 15:36,22.7,29.1,578,0.004969127,1
13/02/2015 15:42,22.6,29.2,586,0.004955927,1
13/02/2015 15:59,22.39,30,586,0.00502772,1
13/02/2015 16:36,21.79,31.125,613.75,0.00502894,1
13/02/2015 16:59,21.625,31.7675,631.5,0.005081663,1
13/02/2015 17:00,21.6,31.79,630.6666667,0.005077456,1
13/02/2015 17:02,21.575,31.815,628,0.005073651,1
13/02/2015 17:04,21.6,31.79,626,0.005077456,1
13/02/2015 17:10,21.525,32.0225,621.5,0.00509128,1
13/02/2015 17:19,21.5,32.09,606.75,0.005094232,1
13/02/2015 17:31,21.39,32.145,588.75,0.005068485,1
13/02/2015 17:51,21.23,32.53,573,0.005079198,1
13/02/2015 18:11,21.34,32.545,579.5,0.005116242,0
13/02/2015 18:42,21.245,32.4,539,0.005063431,0
13/02/2015 18:51,21.2,32.4,529,0.005049355,0
13/02/2015 19:07,21.1,32.36333333,520.3333333,0.005012474,0
13/02/2015 19:31,20.89,32.145,513,0.004914031,0
13/02/2015 20:03,20.7,31.79,512.5,0.004802391,0
13/02/2015 20:12,20.6,31.7,511,0.004759041,0
13/02/2015 20:15,20.6,31.63333333,517.6666667,0.004748957,0
13/02/2015 20:37,20.5,31.5,512,0.00469949,0
13/02/2015 20:41,20.5,31.445,510.5,0.004691222,0
13/02/2015 21:02,20.39,31.2,516,0.004622665,0
13/02/2015 21:10,20.39,31.2,516,0.004622665,0
13/02/2015 21:24,20.39,31.2,514,0.004622665,0
13/02/2015 22:08,20.2,31.39,510.3333333,0.004596329,0
13/02/2015 22:20,20.2,31.6,513,0.004627308,0
13/02/2015 22:25,20.15,31.6,512.5,0.004612911,0
13/02/2015 22:30,20.1,31.6,512.5,0.004598555,0
13/02/2015 22:32,20.16666667,31.6,517.3333333,0.004617706,0
13/02/2015 22:59,20.1,31.89,506,0.004641072,0
13/02/2015 23:32,20.05,33.145,510.5,0.004810105,0
13/02/2015 23:58,20,33.5,502,0.004846877,0
14/02/2015 00:48,19.89,34.7,500.25,0.004987508,0
14/02/2015 01:34,19.89,35.7,504,0.005132426,0
14/02/2015 01:49,19.84,35.9,500,0.005145308,0
14/02/2015 02:10,19.79,36.045,505,0.005150131,0
14/02/2015 02:38,19.73,36.4,506.3333333,0.005181785,0
14/02/2015 02:45,19.745,36.4,503.5,0.005186652,0
14/02/2015 03:51,19.7,36.59,502,0.005199286,0
14/02/2015 03:55,19.6,36.5,504.5,0.005154011,0
14/02/2015 03:56,19.6,36.545,501,0.005160418,0
14/02/2015 04:56,19.65,37.3,500.5,0.00528446,0
14/02/2015 05:19,19.6,38.29,505.6666667,0.005408967,0
14/02/2015 06:10,19.6,38.59,505,0.005451718,0
14/02/2015 07:02,19.5,39,506,0.005475707,0
14/02/2015 07:13,19.575,38.5225,502.6666667,0.005433577,0
14/02/2015 08:02,19.65,37.45,513,0.005305893,0
14/02/2015 08:34,19.89,36.79,507.5,0.005290463,0
14/02/2015 08:53,19.92666667,36.5,508.3333333,0.005260453,0
14/02/2015 09:02,19.945,36.5,506,0.005266484,0
14/02/2015 09:40,20.15,36.2,504.5,0.005290122,0
14/02/2015 09:51,20.075,36.345,501.5,0.005286686,0
14/02/2015 11:00,20.745,35.59,511.5,0.005396476,0
14/02/2015 13:05,20.7,34.845,498.5,0.005267807,0
14/02/2015 13:31,20.6,35.09,503.5,0.005272288,0
14/02/2015 13:46,20.56666667,35.29,501.3333333,0.005291613,0
14/02/2015 13:56,20.5,35.4,509,0.005286276,0
14/02/2015 14:23,20.15,35.7,510,0.005216442,0
14/02/2015 14:42,20.05,35.8725,505.5,0.005209244,0
14/02/2015 14:44,20.05,35.95,505,0.005220592,0
14/02/2015 14:49,20,35.9,511.3333333,0.005197017,0
14/02/2015 15:20,19.89,36.12666667,517.6666667,0.005194278,0
14/02/2015 16:43,20.03333333,35.82666667,518.3333333,0.005197121,0
14/02/2015 17:19,20,35.7,518,0.005167824,0
14/02/2015 17:32,20,35.5,512,0.005138633,0
14/02/2015 17:38,20,35.5,516,0.005138633,0
14/02/2015 17:47,19.89,35.45,518.5,0.00509619,0
14/02/2015 19:01,19.84,35.4,524.5,0.005073062,0
14/02/2015 20:00,19.79,35.4,518,0.005057224,0
14/02/2015 20:05,19.84,35.345,510.5,0.005065116,0
14/02/2015 20:10,19.79,35.5,524,0.005071626,0
14/02/2015 20:34,19.89,35.4,529.3333333,0.005088944,0
14/02/2015 21:03,19.89,35.4,534.5,0.005088944,0
14/02/2015 21:07,19.89,35.29,529.5,0.005073002,0
14/02/2015 22:11,19.89,35.66333333,528.6666667,0.005127111,0
14/02/2015 22:20,19.89,35.845,529,0.005153445,0
14/02/2015 22:52,20,35.79,532.5,0.005180961,0
15/02/2015 00:10,19.89,35.645,538,0.005124454,0
15/02/2015 00:22,20,35.5,538,0.005138633,0
15/02/2015 00:40,20,35.5,542,0.005138633,0
15/02/2015 00:42,19.945,35.4,542,0.005106465,0
15/02/2015 00:51,19.945,35.4,542.5,0.005106465,0
15/02/2015 01:08,19.89,35.29,538,0.005073002,0
15/02/2015 01:20,20,35.045,542.5,0.005072235,0
15/02/2015 01:59,20,34.5225,538.5,0.004996004,0
15/02/2015 02:02,20,34.545,539.3333333,0.004999286,0
15/02/2015 02:13,19.89,34.5,545,0.004958532,0
15/02/2015 02:25,20,34.2,543.5,0.004948961,0
15/02/2015 03:01,20,33.79,541.5,0.004889165,0
15/02/2015 03:08,20.06666667,33.79666667,546.6666667,0.004910528,0
15/02/2015 04:32,20.1,32.56,554.6666667,0.004739322,0
15/02/2015 04:43,20.1,32.43333333,565,0.004720745,0
15/02/2015 04:46,20.1,32.4,566,0.004715857,0
15/02/2015 05:04,20.1,32.26,567.6666667,0.004695326,0
15/02/2015 06:08,20.1,32.2,572,0.004686527,0
15/02/2015 06:15,20.05,32.245,574.5,0.004678512,0
15/02/2015 08:47,20.26,30.35666667,610.3333333,0.004460577,0
15/02/2015 09:39,21.5,29,635.75,0.004600072,0
15/02/2015 10:00,21.89,28.7,642.75,0.00466281,0
15/02/2015 10:27,22.1,28.79,646.75,0.004738306,0
15/02/2015 11:10,21.9175,29.2,639,0.004752695,0
15/02/2015 11:19,22.1,29.13333333,626.3333333,0.004795248,0
15/02/2015 11:26,22.39,28.7,631.25,0.004808168,0
15/02/2015 11:39,22.625,28.525,631.5,0.004847882,0
15/02/2015 11:51,22.6,28.65,627.25,0.00486185,0
15/02/2015 12:00,22.6,28.7675,630,0.004881946,0
15/02/2015 12:16,22.7675,28.6,627,0.004903268,0
15/02/2015 12:48,23.2,28.39,629.75,0.004997136,0
15/02/2015 12:52,23.2,28.4725,633,0.005011775,0
15/02/2015 13:04,22.89,28.865,640,0.00498624,0
15/02/2015 13:17,22.6,29.29,645,0.004971324,0
15/02/2015 13:33,22.39,29.7,655,0.00497704,0
15/02/2015 13:41,22.29,30,659.75,0.00499698,0
15/02/2015 13:47,22.26,30.06666667,655,0.004998963,0
15/02/2015 14:15,22,30.34,666,0.004964847,0
15/02/2015 14:25,22,30.4725,678,0.004986703,0
15/02/2015 15:06,21.7,30.89,656.8,0.004963072,0
15/02/2015 15:11,21.7,30.9725,654,0.004976433,0
15/02/2015 15:16,21.7,31,659,0.004980887,0
15/02/2015 17:02,20.89,32.16333333,685,0.004916856,0
15/02/2015 17:19,20.7225,32.2225,679.75,0.004875044,0
15/02/2015 17:25,20.7,32.29,682.6666667,0.004878517,0
15/02/2015 17:38,20.6,32.45,677,0.004872519,0
15/02/2015 17:53,20.5,32.5,677,0.004849843,0
15/02/2015 18:32,20.5,32.79,673.6666667,0.004893459,0
15/02/2015 18:34,20.5,32.79,674,0.004893459,0
15/02/2015 18:47,20.5,32.79,646,0.004893459,0
15/02/2015 19:00,20.445,32.845,659.5,0.004884991,0
15/02/2015 20:15,20.46333333,32.36333333,679.3333333,0.00481829,0
15/02/2015 20:25,20.5,32.29,682,0.004818263,0
15/02/2015 21:11,20.39,31.89,704.5,0.004725674,0
15/02/2015 21:15,20.39,31.79,706.5,0.004710743,0
15/02/2015 21:23,20.39,31.79,699,0.004710743,0
15/02/2015 22:53,20.29,30.6,721.3333333,0.004504998,0
15/02/2015 23:18,20.29,30.2,733.3333333,0.004445688,0
15/02/2015 23:31,20.23,30,723.5,0.004399572,0
15/02/2015 23:32,20.2,29.89,727.5,0.004375145,0
15/02/2015 23:44,20.29,29.7,733,0.004371566,0
16/02/2015 00:01,20.2,29.39,732,0.004301451,0
16/02/2015 00:34,20.29,29.1,711,0.004282644,0
16/02/2015 01:25,20.29,28.2,828,0.004149307,0
16/02/2015 02:09,20.39,27.46333333,853,0.004065413,0
16/02/2015 02:12,20.39,27.5,855.5,0.004070877,0
16/02/2015 02:32,20.39,27.1,860,0.004011282,0
16/02/2015 02:49,20.39,27.05,862,0.004003833,0
16/02/2015 02:50,20.39,27,857.3333333,0.003996385,0
16/02/2015 03:39,20.5,26.5,869,0.003948803,0
16/02/2015 03:42,20.39,26.5,860,0.003921911,0
16/02/2015 04:01,20.39,26.39,857,0.003905529,0
16/02/2015 04:37,20.39,25.96333333,804,0.003841996,0
16/02/2015 05:25,20.39,25.6,795,0.003787903,0
16/02/2015 05:43,20.5,25.29,798.5,0.003767407,0
16/02/2015 06:21,20.39,25.1,801,0.003713479,0
16/02/2015 07:01,20.39,24.79,820.5,0.003667345,0
16/02/2015 08:44,20.5,24.6,851.75,0.003664014,1
16/02/2015 08:47,20.5,25.05,856.5,0.003731441,0
16/02/2015 09:08,20.79,26.065,901.75,0.003954066,1
16/02/2015 09:11,20.89,27.15,943.5,0.004145353,1
16/02/2015 09:15,20.89,26.9175,968.25,0.004109619,1
16/02/2015 09:20,21,27.075,991.75,0.004162071,1
16/02/2015 09:23,21.025,27.1975,999.5,0.004187501,1
16/02/2015 09:39,21.23,27.16333333,1007.333333,0.004235547,1
16/02/2015 09:40,21.29,27.05,1006,0.004233414,1
16/02/2015 09:51,21.5,27.26,1015.333333,0.00432215,1
16/02/2015 10:08,21.7,26.8225,985.5,0.004305027,1
16/02/2015 10:17,21.525,26.9175,969.5,0.004274055,1
16/02/2015 10:19,21.5,27.13333333,978.6666667,0.004301928,1
16/02/2015 10:21,21.5,27.2225,972,0.004316163,1
16/02/2015 10:27,21.4175,27.1725,968.75,0.004286316,1
16/02/2015 10:27,21.445,27.34,964.5,0.004320244,1
16/02/2015 10:37,21.39,27.29333333,975,0.004298209,1
16/02/2015 10:38,21.39,27.2675,965.5,0.004294113,1
16/02/2015 10:45,21.39,27.39,962,0.004313538,1
16/02/2015 10:52,21.5,27.76,995.6666667,0.004401988,1
16/02/2015 11:06,21.5,28.29,1055,0.004486638,1
16/02/2015 11:10,21.5,28.29,1059.5,0.004486638,1
16/02/2015 11:38,21.39,28.4725,999.75,0.004485246,1
16/02/2015 11:39,21.42666667,28.5,993,0.00449978,1
16/02/2015 12:00,21.5,28.2,958.6666667,0.004472261,1
16/02/2015 12:19,21.29,28.156,896.2,0.004407733,1
16/02/2015 12:29,21.5,27.89,905.75,0.004422749,1
16/02/2015 12:30,21.56666667,27.89,908.6666667,0.004440964,1
16/02/2015 12:33,21.6,28.05,915,0.00447581,1
16/02/2015 12:40,21.575,28.02,900.75,0.004464105,1
16/02/2015 12:43,21.6,28.15,907.75,0.004491882,1
16/02/2015 12:55,21.5,28.1,892,0.004456289,1
16/02/2015 13:00,21.525,28.125,890.3333333,0.004467163,1
16/02/2015 13:01,21.6,28.13333333,903.3333333,0.004489203,1
16/02/2015 13:02,21.575,28.1,904.75,0.004476943,1
16/02/2015 13:05,21.6,28.13333333,898,0.004489203,1
16/02/2015 13:07,21.56666667,28.1,892.3333333,0.004474644,1
16/02/2015 13:08,21.525,28.1725,888.5,0.004474762,1
16/02/2015 13:28,21.6,28.1,871.75,0.004483846,1
16/02/2015 13:46,21.525,28.1,844.5,0.004463164,1
16/02/2015 13:50,21.5,27.9175,833,0.004427141,1
16/02/2015 13:52,21.5,28.2,837.5,0.004472261,1
16/02/2015 14:02,21.5,28.2,840.5,0.004472261,1
16/02/2015 14:08,21.575,28.7925,856.75,0.004588087,1
16/02/2015 14:25,21.675,28.84,910.25,0.004624121,1
16/02/2015 14:45,21.7675,28.79,911,0.004642415,1
16/02/2015 14:55,21.675,29,914.5,0.004649967,1
16/02/2015 15:23,21.66666667,28.76,857,0.004608832,1
16/02/2015 16:01,21.89,29.245,905.5,0.004752031,1
16/02/2015 16:13,21.89,29.42666667,926.3333333,0.004781777,1
16/02/2015 16:31,21.745,29.7,930,0.00478365,1
16/02/2015 16:32,21.7675,29.7,933.75,0.004790283,1
16/02/2015 16:41,21.7,29.79,929.25,0.004784976,1
16/02/2015 16:44,21.675,29.7675,927,0.004773975,1
16/02/2015 16:50,21.7,29.85666667,899,0.004795767,1
16/02/2015 16:52,21.675,29.7675,892,0.004773975,1
16/02/2015 16:58,21.7,29.79,933.5,0.004784976,1
16/02/2015 17:04,21.79,29.84,921,0.004819711,1
16/02/2015 17:05,21.79,29.84,925.25,0.004819711,1
16/02/2015 17:10,21.85666667,30.29333333,981.3333333,0.004913634,1
16/02/2015 17:17,22,29.92666667,982,0.004896677,1
16/02/2015 17:23,21.96333333,30.2,974,0.004930626,1
16/02/2015 18:01,21.89,30.29,976,0.004923177,1
16/02/2015 18:02,21.89,30.34,973.75,0.004931369,1
16/02/2015 18:11,21.84,30.34,950.5,0.004916217,0
16/02/2015 20:37,20.5,30.39,727.5,0.004532682,0
16/02/2015 21:49,20.34,30.2,729.5,0.004459543,0
16/02/2015 23:41,20.2,30.55,714,0.004472447,0
17/02/2015 01:14,20,30.29,711,0.004379175,0
17/02/2015 02:12,19.89,30.29,718,0.004349217,0
17/02/2015 02:48,20,30.39,716,0.004393735,0
17/02/2015 02:57,19.89,30.6,713,0.004394043,0
17/02/2015 03:23,20,30.5,721.5,0.004409751,0
17/02/2015 03:40,20.1,30.5,725.5,0.004437337,0
17/02/2015 04:33,20.5,30.39,736,0.004532682,0
17/02/2015 04:45,20.39,30.42666667,741.3333333,0.004507256,0
17/02/2015 04:59,20.5,30.29,741.5,0.004517659,0
17/02/2015 05:04,20.5,30.29,738,0.004517659,0
17/02/2015 05:23,20.5,30.29,739.3333333,0.004517659,0
17/02/2015 05:37,20.39,30.5,732,0.004518198,0
17/02/2015 05:51,20.2,30.6,746.5,0.004479819,0
17/02/2015 06:33,20.5,30.39,748.5,0.004532682,0
17/02/2015 08:12,20.6,30.39,783.3333333,0.004560932,0
17/02/2015 08:38,20.56666667,30.5,785.6666667,0.004568094,1
17/02/2015 08:48,20.675,30.9175,834,0.004662355,1
17/02/2015 08:57,20.79,30.89,839.5,0.00469154,1
17/02/2015 09:22,21,31.4175,934.5,0.004834805,1
17/02/2015 09:26,21.075,31.4725,926.25,0.004865883,1
17/02/2015 09:33,21.1,31.39,946.75,0.004860545,1
17/02/2015 09:46,21.15,31.39,950.5,0.004875609,1
17/02/2015 09:53,21.2,31.34,950,0.004882863,1
17/02/2015 10:00,21.2,31.39,952.6666667,0.004890715,1
17/02/2015 10:01,21.2,31.34,961,0.004882863,1
17/02/2015 10:11,21.2675,31.39,965.5,0.004911173,1
17/02/2015 10:32,21.29,31.315,979,0.004906165,1
17/02/2015 10:40,21.29,31.32333333,991.3333333,0.004907481,1
17/02/2015 10:50,21.39,31.42666667,993,0.004954319,1
17/02/2015 10:58,21.39,31.79,1015.333333,0.005012059,1
17/02/2015 11:03,21.39,32,1030.5,0.005045437,1
17/02/2015 11:15,21.39,32.475,1078.5,0.005120947,1
17/02/2015 11:18,21.39,32.45,1068,0.005116972,1
17/02/2015 11:28,21.4175,32.545,1098.75,0.005140803,1
17/02/2015 11:30,21.42666667,32.49666667,1089.666667,0.005136013,1
17/02/2015 11:38,21.4175,32.6175,1077.75,0.00515235,1
17/02/2015 11:42,21.445,32.645,1092.5,0.005165497,1
17/02/2015 12:19,21.675,32.7225,1382.25,0.005251886,1
17/02/2015 12:21,21.7,32.79,1283,0.00527093,1
17/02/2015 12:30,21.66666667,32.96666667,1209.333333,0.005288689,1
17/02/2015 12:42,21.7,33,1160.333333,0.005304975,1
17/02/2015 12:42,21.675,32.845,1164.5,0.005271714,1
17/02/2015 13:01,21.7,32.895,1143,0.005287952,1
17/02/2015 13:46,21.736,33.98,1170,0.005476044,1
17/02/2015 13:50,21.7675,33.95,1176,0.005481803,1
17/02/2015 13:53,21.7675,33.975,1174,0.005485875,1
17/02/2015 14:04,21.79,33.925,1205.5,0.005485333,1
17/02/2015 14:15,21.89,34.2675,1252.75,0.005575454,1
17/02/2015 14:16,21.89,34.29,1255.5,0.005579148,1
17/02/2015 14:38,22.1,34.52666667,1329,0.005691094,1
17/02/2015 14:44,22.1,34.45,1348.25,0.005678342,1
17/02/2015 14:49,22.1,34.46666667,1336,0.005681114,1
17/02/2015 14:51,22.1,34.43333333,1342.333333,0.00567557,1
17/02/2015 14:51,22.1,34.3225,1340.5,0.005657135,1
17/02/2015 15:00,22.2,34.43333333,1381.333333,0.005710573,1
17/02/2015 15:13,22.2,34.2725,1409.5,0.005683656,1
17/02/2015 15:32,22.15,34.35,1476,0.005679144,1
17/02/2015 15:40,22.2,34.145,1426.25,0.00566232,1
17/02/2015 15:52,22.2,34.3225,1418.75,0.005692024,1
17/02/2015 16:05,22.245,34.145,1404,0.005677999,1
17/02/2015 16:14,22.29,34.5,1494.5,0.00575346,1
17/02/2015 16:19,22.23,34.46333333,1511,0.005726142,1
17/02/2015 16:20,22.2225,34.425,1519,0.005717079,1
17/02/2015 16:21,22.2,34.4,1509.75,0.005704995,1
17/02/2015 16:28,22.2,34.46333333,1526,0.005715594,1
17/02/2015 16:38,22.15,34.29,1453.5,0.005669134,1
17/02/2015 16:40,22.125,34.2975,1453,0.005661675,1
17/02/2015 16:50,22.15,34.495,1500.5,0.005703337,1
17/02/2015 16:53,22.1,34.545,1495,0.005694144,1
17/02/2015 16:57,22.1,34.3,1488.25,0.005653393,1
17/02/2015 17:21,22.125,34.4,1537.5,0.00567875,1
17/02/2015 17:31,22.15,34.5675,1690.5,0.005715434,1
17/02/2015 17:32,22.16666667,34.66333333,1739.666667,0.005737302,1
17/02/2015 17:36,22.2,34.45,1778,0.005713363,1
17/02/2015 17:37,22.175,34.3725,1774.5,0.005691639,1
17/02/2015 17:38,22.175,34.475,1842.75,0.005708767,1
17/02/2015 17:41,22.2,34.4,1750,0.005704995,1
17/02/2015 17:51,22.2,34.26,1699.666667,0.005681564,1
17/02/2015 17:54,22.2,34.19333333,1675.333333,0.005670408,1
17/02/2015 17:58,22.2,34.3175,1637.5,0.005691187,1
17/02/2015 18:38,21.79,34.09,1492,0.005512248,0
17/02/2015 18:51,21.65,34.145,1475.5,0.005473757,0
17/02/2015 18:55,21.6,34.09,1488,0.005448027,0
17/02/2015 19:17,21.29,34.2,1471,0.005362059,0
17/02/2015 19:31,21.2,34.29,1458,0.005346433,0
17/02/2015 19:46,21.13333333,34.29,1490.5,0.005324409,0
17/02/2015 20:06,21,34.09,1518.5,0.005249544,0
17/02/2015 20:10,21,34.09,1514.5,0.005249544,0
17/02/2015 20:39,21,33.79,1538,0.00520296,0
17/02/2015 20:58,21,33.59,1503.5,0.005171908,0
17/02/2015 21:01,21,33.59,1507,0.005171908,0
17/02/2015 23:10,20.84,30.695,1149,0.004676179,0
17/02/2015 23:13,20.84,30.55,1136.5,0.004653924,0
18/02/2015 00:00,20.89,29.445,1201.5,0.004498295,0
18/02/2015 00:52,20.89,28.39,1308,0.004336,0
18/02/2015 00:53,20.89,28.295,1344.5,0.00432139,0
18/02/2015 01:31,20.89,27.79,1342,0.004243737,0
18/02/2015 01:50,20.79,27.39,1739,0.004156411,0
18/02/2015 02:35,20.65,26.79,1257.5,0.004029636,0
18/02/2015 03:13,20.79,26.5,1256.5,0.004020482,0
18/02/2015 03:30,20.79,26.35666667,1339.333333,0.003998596,0
18/02/2015 03:53,20.79,26.2,1369,0.003974676,0
18/02/2015 03:58,20.79,26.2,1432.333333,0.003974676,0
18/02/2015 04:07,20.79,26.1,1409.5,0.003959409,0
18/02/2015 04:25,20.79,26.05,1468.5,0.003951776,0
18/02/2015 04:53,20.79,26.1,1539.5,0.003959409,0
18/02/2015 05:19,20.79,26.29,1477,0.003988417,0
18/02/2015 05:36,20.79,26.29,1531,0.003988417,0
18/02/2015 06:17,20.76,26.6,1543.5,0.004028255,0
18/02/2015 06:34,20.79,26.6,1480.333333,0.004035752,0
18/02/2015 06:39,20.79,26.6,1477,0.004035752,0
18/02/2015 07:13,20.79,27,1486.666667,0.004096839,0
18/02/2015 07:34,20.79,27.1,1418,0.004112113,0
18/02/2015 07:38,20.76,27.13333333,1426.333333,0.004109556,0
18/02/2015 08:06,20.7,27.15,1428,0.004096828,0
18/02/2015 08:23,20.79,27.1,1421,0.004112113,0
18/02/2015 08:29,20.79,27,1475.25,0.004096839,0
18/02/2015 08:35,20.82333333,27.03333333,1444,0.004110412,0
18/02/2015 08:49,20.84,26.945,1428,0.004101125,0
18/02/2015 09:14,20.815,27.4175,1511.75,0.004167064,1
04/02/2015 17:54,23.15,27.2,708.25,0.004771509,1
04/02/2015 17:55,23.1,27.2,701,0.004756993,1
04/02/2015 18:03,23.1,27.16666667,683.5,0.004751119,1
04/02/2015 18:11,22.89,27.39,689,0.004729506,0
04/02/2015 18:29,22.6,27.42666667,658,0.004652699,0
04/02/2015 18:30,22.6,27.445,655,0.004655833,0
04/02/2015 19:14,22.2,27.2,586,0.004502283,0
04/02/2015 19:27,22.1,27.2,572.5,0.004474738,0
04/02/2015 19:32,22.1,27.2,564.3333333,0.004474738,0
04/02/2015 20:10,21.73,27,533.3333333,0.004341725,0
04/02/2015 20:31,21.7,26.79,525.5,0.004299774,0
04/02/2015 20:58,21.6,26.29,500,0.004193082,0
04/02/2015 21:49,21.445,25.745,488,0.004066556,0
04/02/2015 21:53,21.39,25.7,486,0.004045656,0
04/02/2015 23:26,21.2,25.39,473,0.003949949,0
05/02/2015 00:23,21.29,25.2,454,0.003942048,0
05/02/2015 00:36,21.2,25.29,451.5,0.003934293,0
05/02/2015 00:42,21.1,25.39,454,0.003925619,0
05/02/2015 00:46,21.1,25.5,451,0.003942734,0
05/02/2015 01:43,21.2,25.05,439.5,0.003896723,0
05/02/2015 01:53,21.1,25.1,440,0.003880502,0
05/02/2015 02:05,21,25,439,0.003841124,0
05/02/2015 02:22,21,25,445,0.003841124,0
05/02/2015 02:34,21,24.89,439,0.003824119,0
05/02/2015 02:54,21,24.82333333,441.3333333,0.003813814,0
05/02/2015 02:55,21,24.85666667,435,0.003818966,0
05/02/2015 04:21,20.89,24.29,445.5,0.003706077,0
05/02/2015 05:45,20.89,23.42666667,450,0.003573596,0
05/02/2015 07:01,20.7,22.7,457,0.003421646,0
05/02/2015 07:18,20.7,22.6,456,0.003406491,0
05/02/2015 07:24,20.7,22.5,453.5,0.003391335,0
05/02/2015 07:43,20.73,22.5,472,0.003397643,1
05/02/2015 07:47,20.82333333,23.03333333,499,0.003498792,1
05/02/2015 07:50,20.89,23.175,514.75,0.003534987,1
05/02/2015 07:52,20.89,23.29,520.75,0.003552629,1
05/02/2015 07:58,21,23.5,541,0.003609319,1
05/02/2015 08:02,21,23.6,567.3333333,0.003624768,1
05/02/2015 08:03,21,23.7,569,0.003640217,1
05/02/2015 08:19,21.2,23.79,640.5,0.003699555,1
05/02/2015 08:23,21.32333333,23.92666667,654.6666667,0.003749364,1
05/02/2015 08:28,21.29,24.1,679,0.003768932,1
05/02/2015 08:34,21.29,24.1,694.25,0.003768932,1
05/02/2015 08:43,21.35666667,24.29,742.6666667,0.003814482,1
05/02/2015 08:51,21.39,24.29,758.25,0.003822332,1
05/02/2015 09:00,21.5,24.39,786,0.003864276,1
05/02/2015 09:04,21.55,24.5175,808.75,0.003896587,1
05/02/2015 09:07,21.6,24.55,811,0.003913817,1
05/02/2015 09:08,21.7,24.7,817.75,0.003962194,1
05/02/2015 09:30,22.1,25.83,1006.666667,0.004247817,1
05/02/2015 09:32,22.1,25.82333333,1009,0.004246713,1
05/02/2015 09:42,22.125,26.025,1025,0.004286677,1
05/02/2015 09:43,22.1,26.1,1035,0.004292526,1
05/02/2015 09:48,22.1,26.2,1024,0.004309086,1
05/02/2015 09:49,22.075,26.2,1023.5,0.004302479,1
05/02/2015 10:01,22.125,26.4425,1032.75,0.004355927,1
05/02/2015 10:08,22.1,26.5,1038,0.004358773,1
05/02/2015 10:28,22,26.29,1024,0.004297525,1
05/02/2015 10:31,22.06666667,26.26,1016,0.004310195,1
05/02/2015 10:33,22.075,26.2925,1006.25,0.004317775,1
05/02/2015 10:43,22.08,26.18,1009.6,0.004300492,1
05/02/2015 10:51,22.05,26.34,1030.5,0.004318995,1
05/02/2015 10:54,22.025,26.315,1039,0.004308249,1
05/02/2015 10:58,22.075,26.365,1044,0.004329763,1
05/02/2015 11:02,22.1,26.5,1054,0.004358773,1
05/02/2015 11:29,22.2,26.85666667,1097.333333,0.004445046,1
05/02/2015 11:31,22.2,26.9175,1104,0.004455187,1
05/02/2015 11:38,22.2,27,1131.25,0.00446894,1
05/02/2015 11:42,22.2,27.06666667,1137.333333,0.004480054,1
05/02/2015 11:51,22.2,27.03333333,1132.333333,0.004474497,1
05/02/2015 11:55,22.2,27.1,1124,0.004485611,1
05/02/2015 11:55,22.175,27.175,1127.25,0.004491221,1
05/02/2015 12:10,22.2,27,1083.666667,0.00446894,1
05/02/2015 12:11,22.2,26.96333333,1086.5,0.004462827,1
05/02/2015 12:13,22.2,26.84,1081.8,0.004442268,1
05/02/2015 12:15,22.29,26.865,1063.25,0.004471042,1
05/02/2015 12:55,22.76,26.39,1022,0.004519554,0
05/02/2015 13:30,22.29,26.1,903,0.004342837,0
05/02/2015 13:32,22.29,26.16666667,900.3333333,0.004354007,1
05/02/2015 13:40,22.29,26.175,881,0.004355404,0
05/02/2015 14:12,22.2,25.96,780,0.004295614,1
05/02/2015 14:15,22.2,26.05,782,0.00431061,1
05/02/2015 14:19,22.2,26.66666667,828.3333333,0.004413376,1
05/02/2015 14:22,22.2,26.945,847.5,0.004459771,1
05/02/2015 14:23,22.2,27,849,0.00446894,1
05/02/2015 14:29,22.2,27.4175,885.75,0.004538547,1
05/02/2015 14:37,22.2,28.1,970.6666667,0.00465237,1
05/02/2015 14:43,22.29,28.39,1020,0.004726771,1
05/02/2015 15:03,22.525,28.39,1094,0.004795324,1
05/02/2015 15:16,22.6,28.39,1102.5,0.004817386,1
05/02/2015 15:16,22.6,28.39,1114,0.004817386,1
05/02/2015 15:28,22.5,27.745,1097,0.004678392,1
05/02/2015 15:36,22.5,27.4725,1062,0.0046321,1
05/02/2015 15:40,22.5,27.315,1068,0.004605348,1
05/02/2015 15:40,22.5,27.29,1072,0.004601102,1
05/02/2015 15:49,22.5,27.125,1063.5,0.004573078,1
05/02/2015 15:53,22.5,27.1,1070.75,0.004568832,1
05/02/2015 15:55,22.5,27.025,1079.25,0.004556095,1
05/02/2015 16:00,22.5,26.73333333,1064,0.004506567,1
05/02/2015 16:06,22.39,26.69666667,1078,0.004470133,1
05/02/2015 16:08,22.39,27.0225,1074.75,0.004525088,1
05/02/2015 16:11,22.39,26.745,1074.25,0.004478285,1
05/02/2015 16:18,22.39,26.79,1074,0.004485874,1
05/02/2015 16:24,22.39,26.79,1086,0.004485874,1
05/02/2015 16:28,22.39,26.456,1063.25,0.004429549,1
05/02/2015 16:49,22.365,26.4725,1077.5,0.004425549,1
05/02/2015 16:59,22.29,26.1,1054.666667,0.004342837,1
05/02/2015 17:04,22.29,25.85666667,1038.666667,0.004302068,1
05/02/2015 17:09,22.2675,25.575,1002.75,0.004249021,1
05/02/2015 17:10,22.2675,25.4975,998.75,0.004236057,1
05/02/2015 17:28,22.2225,24.84,933.25,0.004114734,1
05/02/2015 17:31,22.2,24.7,925.5,0.004085752,1
05/02/2015 17:38,22.2,24.34,907,0.004025817,1
05/02/2015 17:41,22.175,24.39,900.5,0.004027962,1
05/02/2015 17:51,22.125,24.15,882.25,0.003975865,1
05/02/2015 17:58,22,23.89,852.5,0.003902744,1
05/02/2015 18:24,21.6,23.55,751.5,0.003753433,0
05/02/2015 18:49,21.2,21.995,631,0.003418882,0
05/02/2015 19:05,21.2,21.2,586,0.003294654,0
05/02/2015 19:15,21.2,20.495,560.5,0.00318453,0
05/02/2015 19:38,21.2,19.79,516.3333333,0.003074445,0
05/02/2015 22:05,20.6,20.6,461,0.003084363,0
05/02/2015 22:56,20.5,21.2,452.3333333,0.003155037,0
05/02/2015 23:34,20.39,21.29,441,0.003146948,0
06/02/2015 00:40,20.2,20.96333333,445.6666667,0.003062073,0
06/02/2015 00:45,20.2,20.79,442,0.00303663,0
06/02/2015 01:46,20.5,19.89,434,0.002959152,0
06/02/2015 02:08,20.55,19.65,429,0.002932352,0
06/02/2015 02:57,20.5,19.2,427.5,0.002856025,0
06/02/2015 03:06,20.5,19.1,437,0.002841082,0
06/02/2015 04:01,20.445,18.79,434,0.00278525,0
06/02/2015 04:31,20.445,18.7,433.5,0.00277185,0
06/02/2015 04:34,20.39,18.7,434,0.002762411,0
06/02/2015 04:49,20.39,18.65,431,0.002754992,0
06/02/2015 04:54,20.39,18.7,431.5,0.002762411,0
06/02/2015 05:32,20.34,18.6,431.5,0.002739063,0
06/02/2015 06:24,20.29,18.7,433.3333333,0.002745321,0
06/02/2015 06:51,20.29,18.7,434,0.002745321,0
06/02/2015 06:53,20.2,18.6,432,0.002715358,0
06/02/2015 07:04,20.2,18.6,432.6666667,0.002715358,0
06/02/2015 07:11,20.2,18.6,436,0.002715358,0
06/02/2015 07:21,20.29,18.5,439,0.002715832,0
06/02/2015 07:43,20.175,18.675,440.75,0.002722124,0
06/02/2015 07:57,20.315,19.245,488.6666667,0.002830085,1
06/02/2015 08:00,20.42666667,19.16333333,504,0.002837614,1
06/02/2015 08:06,20.65,19.4725,531,0.002923796,1
06/02/2015 08:09,20.7,19.5,533.6666667,0.002937022,1
06/02/2015 08:12,20.7,19.53333333,547,0.002942066,1
06/02/2015 08:15,20.79,19.53333333,560,0.002958497,1
06/02/2015 08:29,20.865,19.675,590.75,0.002993912,1
06/02/2015 08:36,20.865,19.7675,605.5,0.003008055,1
06/02/2015 08:38,20.84,19.745,614.75,0.002999974,1
06/02/2015 08:57,20.85666667,19.79333333,648,0.003010454,1
06/02/2015 09:10,20.945,20.5,710,0.00313555,1
06/02/2015 09:26,21.1,21.15,769.75,0.003266618,1
06/02/2015 09:28,21.1,21.29,786,0.003288355,1
06/02/2015 09:34,21.1,21.1,779.75,0.003258855,1
06/02/2015 09:55,21.325,20.978,808,0.003285198,1
06/02/2015 09:58,21.32333333,20.86,797.3333333,0.003266287,1
06/02/2015 10:06,21.29,21.29,835,0.003327133,1
06/02/2015 10:08,21.315,21.29,834.75,0.003332265,1
06/02/2015 10:09,21.315,21.29,841,0.003332265,1
06/02/2015 10:12,21.39,21.34,847,0.003355608,1
06/02/2015 10:17,21.39,21.2,847,0.003333476,1
06/02/2015 10:43,21.5,20.84,832.5,0.003298842,1
06/02/2015 10:46,21.675,21.1,853.75,0.003376376,1
06/02/2015 10:51,21.7,20.815,850.75,0.003335649,1
06/02/2015 10:59,21.7225,20.87,846.75,0.003349138,1
06/02/2015 11:12,21.79,20.65,829.5,0.003327416,1
06/02/2015 11:19,21.745,20.5,822.3333333,0.003293999,1
06/02/2015 11:23,21.7,20.6,832,0.003301012,1
06/02/2015 11:25,21.7,20.6,824,0.003301012,1
06/02/2015 11:28,21.7,20.5,831,0.003284903,1
06/02/2015 11:29,21.7225,20.6,826,0.003305579,1
06/02/2015 11:31,21.7225,20.525,815.75,0.003293481,1
06/02/2015 11:36,21.7,20.46,801,0.003278459,1
06/02/2015 11:37,21.7,20.575,796,0.003296984,1
06/02/2015 11:54,21.65,20.2475,789.5,0.003234276,1
06/02/2015 11:57,21.7,20.46333333,795,0.003278996,1
06/02/2015 12:06,21.7,20.4175,800.25,0.003271613,1
06/02/2015 12:08,21.7,20.5,800.5,0.003284903,1
06/02/2015 12:14,21.7225,20.315,806.25,0.003259607,1
06/02/2015 12:15,21.7,20.2475,802.5,0.003244231,1
06/02/2015 12:23,21.79,20.23,802.3333333,0.003259385,1
06/02/2015 12:24,21.79,20.2925,799.5,0.003269508,1
06/02/2015 12:32,21.745,20.39,820.75,0.003276231,1
06/02/2015 12:45,21.7,20.14,773.5,0.003226917,1
06/02/2015 12:47,21.7,20,769,0.00320437,1
06/02/2015 12:52,21.7,20.025,759,0.003208396,1
06/02/2015 12:59,21.6,20,751.75,0.003184732,0
06/02/2015 13:17,21.29,19.745,662.25,0.003084488,1
06/02/2015 13:50,21.675,19.125,637.25,0.003058786,1
06/02/2015 13:52,21.63333333,19.03,623.25,0.003035734,1
06/02/2015 13:59,21.79,18.99333333,631,0.003059158,1
06/02/2015 14:12,21.82333333,19.23,673,0.003103811,1
06/02/2015 14:29,22.05,20.05,773.75,0.003282176,1
06/02/2015 14:30,22.06666667,20.06666667,766,0.003288276,1
06/02/2015 14:31,22.1,20.075,760,0.003296375,1
06/02/2015 14:51,22.13333333,20.82333333,846,0.003426922,1
06/02/2015 15:06,22.2,21.5,896,0.0035534,1
06/02/2015 15:10,22.2,21.5,905,0.0035534,1
06/02/2015 15:11,22.2,21.7675,915.25,0.003597866,1
06/02/2015 15:13,22.2,21.66666667,923.6666667,0.003581104,1
06/02/2015 15:16,22.2,21.7,925.25,0.003586645,1
06/02/2015 15:20,22.1,21.49666667,919.3333333,0.003531142,1
06/02/2015 15:32,22.1,21.2,863,0.003482138,1
06/02/2015 15:33,22.05,21.3975,868.5,0.003504003,1
06/02/2015 15:36,22.1,21.595,892,0.003547387,1
06/02/2015 15:40,22.1,21.32,876,0.003501959,1
06/02/2015 15:40,22.1,21.53333333,882.3333333,0.0035372,1
06/02/2015 15:47,22.1,21.26,863.3333333,0.003492048,1
06/02/2015 15:53,22.075,21.1725,865,0.00347227,1
06/02/2015 15:55,22,20.96333333,854,0.003422005,1
06/02/2015 16:08,22,21.3925,880.75,0.003492454,1
06/02/2015 16:28,21.79,21.53,897,0.003470005,1
06/02/2015 16:31,21.79,21.1975,902.5,0.003416121,1
06/02/2015 16:46,21.7675,21.865,947.25,0.003519434,1
06/02/2015 16:47,21.79,21.82333333,953,0.003517549,1
06/02/2015 16:51,21.7675,21.6975,962,0.003492321,1
06/02/2015 17:00,21.79,21.79333333,945.6666667,0.003512686,1
06/02/2015 17:18,21.79,21.6,893,0.00348135,1
06/02/2015 17:21,21.7225,21.5475,886.5,0.003458465,1
06/02/2015 17:22,21.7,21.42666667,887,0.003434211,1
06/02/2015 17:38,21.6,21.29,831.6666667,0.003391267,1
06/02/2015 17:45,21.65,21.2,819.5,0.003387254,1
06/02/2015 17:49,21.675,21.175,813.75,0.003388442,1
06/02/2015 17:50,21.7,21.125,812,0.003385597,1
06/02/2015 17:53,21.675,21.175,798.75,0.003388442,1
06/02/2015 17:54,21.7,21.08,805.75,0.003378346,1
06/02/2015 18:07,21.7,20.84,778.5,0.003339676,0
06/02/2015 18:16,21.5,20.7,740,0.003276565,0
06/02/2015 18:47,20.92666667,20,609.6666667,0.003055233,0
06/02/2015 19:14,20.745,19.445,536,0.002936867,0
06/02/2015 19:15,20.7,19.4725,531.4,0.002932861,0
06/02/2015 19:52,20.5,19.29,483,0.002869474,0
06/02/2015 22:19,20.05,18.79,442,0.002717761,0
06/02/2015 22:27,20,18.89,437,0.002723803,0
06/02/2015 23:15,19.79,18.79,432,0.002674127,0
07/02/2015 00:02,20,18.79,434.5,0.002709321,0
07/02/2015 00:15,20,18.745,435,0.002702804,0
07/02/2015 00:49,20,18.6,432,0.002681807,0
07/02/2015 01:01,19.89,18.7,436,0.002677892,0
07/02/2015 01:27,19.96333333,18.7,440,0.002690143,0
07/02/2015 01:34,19.89,18.79,441.3333333,0.002690836,0
07/02/2015 01:43,19.89,18.79,437.5,0.002690836,0
07/02/2015 01:47,19.89,18.84,436,0.002698027,0
07/02/2015 02:06,19.89,18.89,439,0.002705218,0
07/02/2015 02:43,19.89,19,443,0.00272104,0
07/02/2015 03:16,19.79,19.1,442,0.002718438,0
07/02/2015 03:55,19.79,19.29,441,0.002745599,0
07/02/2015 04:28,19.79,19.29,439.5,0.002745599,0
07/02/2015 04:52,19.79,19.39,441,0.002759896,0
07/02/2015 05:38,19.79,19.29,438.6666667,0.002745599,0
07/02/2015 06:03,19.7,19.39,444,0.002744454,0
07/02/2015 06:16,19.7,19.39,450,0.002744454,0
07/02/2015 06:35,19.7,19.39,445,0.002744454,0
07/02/2015 06:40,19.7,19.245,449,0.002723841,0
07/02/2015 07:28,19.7,19.39,450,0.002744454,0
07/02/2015 07:40,19.7,19.39,447,0.002744454,0
07/02/2015 07:44,19.7,19.39,450,0.002744454,0
07/02/2015 08:06,19.6,19.5,453.5,0.002742927,0
07/02/2015 08:23,19.6,19.5,454.5,0.002742927,0
07/02/2015 08:38,19.7,19.5,460.25,0.002760093,0
07/02/2015 08:39,19.7,19.5,458,0.002760093,0
07/02/2015 08:55,19.6,19.5,453,0.002742927,0
07/02/2015 10:08,21.29,18.6,463,0.002904785,0
07/02/2015 10:59,22.2,17.89,459.5,0.002953926,0
07/02/2015 12:28,23.03333333,17.35666667,455,0.003014876,0
07/02/2015 13:01,23.1,17.06666667,446.3333333,0.0029763,0
07/02/2015 13:02,23.1,17,453.5,0.002964618,0
07/02/2015 13:47,22.79,17.1,443.5,0.002926419,0
07/02/2015 14:08,22.6,17.15,446.25,0.002901219,0
07/02/2015 14:09,22.6,17.175,443,0.002905468,0
07/02/2015 14:38,22.29,17.6,439.5,0.002921859,0
07/02/2015 14:50,22.15,17.745,441.25,0.002920919,0
07/02/2015 14:54,22.13333333,17.79,443.6666667,0.002925375,0
07/02/2015 15:40,21.5,18.7,442,0.002958482,0
07/02/2015 16:04,21.2,19.2,437.5,0.002982347,0
07/02/2015 16:18,21.075,19.575,441.25,0.003017517,0
07/02/2015 16:21,21,19.66,440.25,0.003016681,0
07/02/2015 19:36,20.06666667,24.29,441,0.003521425,0
07/02/2015 20:08,20.025,25.05,441.25,0.003622835,0
07/02/2015 20:22,20,25.29,442,0.003652056,0
07/02/2015 20:25,20.03333333,25.35666667,442,0.003669352,0
07/02/2015 20:26,20,25.34,440,0.003659319,0
07/02/2015 20:32,20,25.65,442,0.003704352,0
07/02/2015 20:45,19.89,26.1,436,0.003743971,0
07/02/2015 21:34,19.89,26.945,441.5,0.003865937,0
07/02/2015 21:55,19.79,27.39,442,0.003905734,0
07/02/2015 22:23,19.79,27.79,437,0.003963136,0
07/02/2015 23:10,19.65,28.945,438.5,0.00409298,0
07/02/2015 23:22,19.66666667,28.85666667,433,0.004084661,0
07/02/2015 23:23,19.7,29,440,0.004113646,0
08/02/2015 01:12,19.5,30.2,439,0.004231757,0
08/02/2015 01:31,19.6,30.1,442,0.004244128,0
08/02/2015 02:55,19.39,31.1,436,0.00432882,0
08/02/2015 03:55,19.39,31.2,434,0.004342836,0
08/02/2015 04:37,19.39,31.29,435,0.004355451,0
08/02/2015 04:38,19.39,31.29,434,0.004355451,0
08/02/2015 04:40,19.39,31.29,436.3333333,0.004355451,0
08/02/2015 05:08,19.29,31.63333333,429.6666667,0.004376056,0
08/02/2015 06:02,19.29,31.6,436,0.004371412,0
08/02/2015 06:26,19.2225,31.7,434.25,0.004366811,0
08/02/2015 06:28,19.245,31.65,435,0.004366035,0
08/02/2015 06:40,19.2,31.5,435,0.004332945,0
08/02/2015 06:53,19.26,31.46333333,431.6666667,0.004344191,0
08/02/2015 07:00,19.2,31.39,429,0.004317709,0
08/02/2015 07:33,19.1,31.39,434,0.004290686,0
08/02/2015 08:09,19.2,31.1,437,0.004277545,0
08/02/2015 08:28,19.245,31.175,434,0.004300057,0
08/02/2015 08:49,19.2,31.125,439,0.004281008,0
08/02/2015 09:10,19.29,31.075,437.5,0.004298284,0
08/02/2015 09:32,19.29,30.89,432,0.004272519,0
08/02/2015 09:49,19.39,30.6,438,0.004258748,0
08/02/2015 10:15,19.29,30.63333333,441,0.004236777,0
08/02/2015 10:20,19.34,30.6,430,0.004245423,0
08/02/2015 10:24,19.29,30.6,425,0.004232135,0
08/02/2015 10:31,19.29,30.53333333,427.6666667,0.004222852,0
08/02/2015 11:18,19.2,30.7,429,0.004222155,0
08/02/2015 11:36,19.1,30.89,434.3333333,0.004221877,0
08/02/2015 11:43,19.1,31.03333333,432,0.004241601,0
08/02/2015 12:04,19.29,30.745,425,0.004252327,0
08/02/2015 12:22,19.5,30.42666667,428.75,0.004263736,0
08/02/2015 12:23,19.6,30.245,432.75,0.004264713,0
08/02/2015 13:58,20.7,26.65,420.5,0.004020892,0
08/02/2015 14:34,20.5,26.254,424.5,0.003911916,0
08/02/2015 14:38,20.445,26.245,429,0.003897231,0
08/02/2015 14:53,20.29,26.2,426.25,0.003853207,0
08/02/2015 15:17,20.15,26.29,423.5,0.00383299,0
08/02/2015 15:49,19.89,26.4725,421.5,0.003797731,0
08/02/2015 17:03,19.42666667,27.13333333,423,0.003782021,0
08/02/2015 17:12,19.39,27.15,423.5,0.003775681,0
08/02/2015 17:15,19.39,27.15,426.75,0.003775681,0
08/02/2015 17:51,19.39,27.2,427.5,0.003782676,0
08/02/2015 18:22,19.29,27.5,432,0.00380077,0
08/02/2015 18:45,19.29,27.55,426,0.003807723,0
08/02/2015 20:22,19.39,27.5,440.6666667,0.003824654,0
08/02/2015 21:42,19.5,27.6,447.5,0.00386517,0
08/02/2015 22:01,19.5,27.6,444,0.00386517,0
08/02/2015 22:04,19.5,27.6,444,0.00386517,0
08/02/2015 22:21,19.5,27.7,450.5,0.003879261,0
08/02/2015 22:23,19.5,27.7,452,0.003879261,0
08/02/2015 22:40,19.5,27.7,447,0.003879261,0
08/02/2015 22:54,19.5,27.79,444,0.003891944,0
08/02/2015 22:58,19.5,27.79,449,0.003891944,0
08/02/2015 23:38,19.5,27.2,455.5,0.00380881,0
08/02/2015 23:41,19.5,27.2,452,0.00380881,0
08/02/2015 23:53,19.5,27.1,459.5,0.003794721,0
09/02/2015 00:28,19.5,26.89,459.3333333,0.003765138,0
09/02/2015 01:21,19.5,27.29,464,0.00382149,0
09/02/2015 01:38,19.39,27.2,460,0.003782676,0
09/02/2015 01:53,19.39,27.2,457,0.003782676,0
09/02/2015 01:57,19.39,27.1,468.5,0.003768685,0
09/02/2015 02:00,19.39,27.1,466.5,0.003768685,0
09/02/2015 03:00,19.445,26.7,468.5,0.003725531,0
09/02/2015 04:25,19.29,26.79,469,0.003702057,0
09/02/2015 05:29,19.5,26.7,461.5,0.003738374,0
09/02/2015 06:21,19.39,26.39,467.5,0.003669366,0
09/02/2015 06:53,19.29,26.2,466.5,0.003620051,0
09/02/2015 07:06,19.29,26.1,466,0.003606154,0
09/02/2015 07:17,19.39,25.89,472,0.003599442,0
09/02/2015 08:19,19.5,26.7,473,0.003738374,0
09/02/2015 08:51,19.575,27.675,496.5,0.003893964,1
09/02/2015 08:55,19.63333333,27.73,512,0.003916008,1
09/02/2015 08:57,19.63333333,27.79,515,0.003924535,1
09/02/2015 09:03,19.79,28.2675,559.75,0.004031674,1
09/02/2015 09:04,19.84,28.6975,578.75,0.004106207,1
09/02/2015 09:06,19.89,28.625,595,0.004108567,1
09/02/2015 09:13,20,29.445,680.8,0.004256173,1
09/02/2015 09:15,20.1,29.745,695.5,0.00432673,1
09/02/2015 09:30,20.29,30.495,850.5,0.004489428,1
09/02/2015 09:43,20.5,31.1,954,0.004639369,1
09/02/2015 09:53,20.6,31.245,1007,0.004690218,1
09/02/2015 10:14,20.79,31.895,1142.5,0.004845367,1
09/02/2015 10:17,20.79,31.89333333,1145.333333,0.004845112,1
09/02/2015 10:25,20.815,31.9925,1175.25,0.004867839,1
09/02/2015 10:27,20.865,32.1675,1198.25,0.00490988,1
09/02/2015 10:34,20.89,32.25,1222.5,0.00493021,1
09/02/2015 10:38,20.89,32.475,1237.75,0.004964881,1
09/02/2015 10:40,21,32.4,1262,0.004987213,1
09/02/2015 10:57,21.05,32.775,1334,0.005061057,1
09/02/2015 10:58,21.1,32.96666667,1339.666667,0.005106686,1
09/02/2015 11:03,21.1,32.925,1370,0.005100179,1
09/02/2015 11:05,21.1,33.12666667,1379.333333,0.005131676,1
09/02/2015 11:15,21.15,33.0425,1384.5,0.0051344,1
09/02/2015 11:32,21.29,33.23,1427.333333,0.005208704,1
09/02/2015 12:02,21.5,33.59,1462,0.005334397,1
09/02/2015 12:10,21.5,33.7975,1435.25,0.005367634,1
09/02/2015 12:11,21.53333333,34.1,1430,0.005427256,1
09/02/2015 12:16,21.6,33.8,1378.5,0.005401279,1
09/02/2015 12:27,21.5,34.39666667,1407,0.005463628,1
09/02/2015 12:36,21.445,34.195,1386.5,0.005412892,1
09/02/2015 12:38,21.5,34.2,1370,0.005432117,1
09/02/2015 12:43,21.39,33.9,1340,0.005347585,1
09/02/2015 12:53,21.5,33.62666667,1312.666667,0.00534027,1
09/02/2015 13:00,21.5,33.5,1281.5,0.005319982,1
09/02/2015 13:06,21.5,33.3175,1254.75,0.005290753,1
09/02/2015 13:14,21.4175,33.09,1229.75,0.005227615,0
09/02/2015 13:38,21.15,32.9,1106,0.005112076,1
09/02/2015 13:40,21.2,32.845,1102,0.005119277,1
09/02/2015 13:44,21.2,32.9,1110.75,0.00512792,1
09/02/2015 13:57,21.29,32.95,1131.5,0.00516445,1
09/02/2015 14:06,21.39,33.5,1171.666667,0.005283951,1
09/02/2015 14:29,21.66666667,34.65666667,1342.666667,0.005562232,1
09/02/2015 14:34,21.7,35.0225,1369.5,0.005633051,1
09/02/2015 14:44,21.79,35.645,1471,0.005766018,1
09/02/2015 15:04,21.89,36.645,1636.5,0.005965993,1
09/02/2015 15:13,21.9175,37.09,1689.5,0.00604939,1
09/02/2015 15:19,21.9175,37.15,1727.5,0.006059271,1
09/02/2015 15:20,21.89,37.06,1722.666667,0.006034213,1
09/02/2015 15:23,21.9175,37.24,1735,0.006074094,1
09/02/2015 15:29,21.945,37.475,1763.25,0.006123169,1
09/02/2015 15:35,22,37.545,1792,0.006155544,1
09/02/2015 15:40,21.9725,37.6725,1828,0.006166199,1
09/02/2015 15:48,22,37.95,1832.75,0.006222608,1
09/02/2015 16:01,22,38.29666667,1895.666667,0.006280024,1
09/02/2015 16:08,22,38.5675,1933.75,0.006324888,1
09/02/2015 16:14,22.05,38.7675,1950.75,0.006377639,1
09/02/2015 16:24,22.075,38.8975,1991.75,0.006409107,1
09/02/2015 16:27,22.06666667,39.02666667,2014.333333,0.00642731,1
09/02/2015 16:40,22.1,38.73,1981.666667,0.006391057,1
09/02/2015 16:45,22.1,38.6175,1950.75,0.006372302,1
09/02/2015 16:47,22.1,38.745,1988,0.006393557,1
09/02/2015 16:56,22.1,38.79,2007,0.006401059,1
09/02/2015 17:00,22.1,39,2007.666667,0.006436072,1
09/02/2015 17:13,22.1,39.0225,2019,0.006439823,1
09/02/2015 17:18,22.1,39.09,2017.25,0.006451078,1
09/02/2015 17:19,22.1,39.1175,2012.5,0.006455664,1
09/02/2015 17:21,22.13333333,39.09,2023,0.006464333,1
09/02/2015 17:53,22.1,38.09,1855,0.00628438,1
09/02/2015 17:55,22.1,38.0675,1845,0.00628063,1
09/02/2015 18:06,22.03333333,37.59666667,1774,0.006176767,0
09/02/2015 18:17,21.79,37.29,1661.5,0.006034698,0
09/02/2015 18:27,21.63333333,36.93333333,1544.333333,0.005918916,0
09/02/2015 18:53,21.2,36.2,1356,0.00564694,0
09/02/2015 19:45,20.7,35.29,1060.5,0.005335658,0
09/02/2015 19:49,20.7,35.29,1044,0.005335658,0
09/02/2015 19:56,20.63333333,35.23,1018,0.005304484,0
09/02/2015 20:21,20.5,34.79,911,0.005194424,0
09/02/2015 20:23,20.5,34.79,902,0.005194424,0
09/02/2015 21:30,20.5,33.59,676,0.005013811,0
09/02/2015 22:01,20.5,33.4,629,0.004985223,0
09/02/2015 22:32,20.5,33.2,579.5,0.004955134,0
09/02/2015 23:12,20.39,33,540,0.004891455,0
10/02/2015 00:10,20.39,33,499,0.004891455,0
10/02/2015 00:14,20.29,33,492,0.004861092,0
10/02/2015 00:29,20.29,33,490,0.004861092,0
10/02/2015 00:36,20.29,33,484,0.004861092,0
10/02/2015 01:14,20.29,32.9,469,0.004846247,0
10/02/2015 02:12,20.29,32.9,458.5,0.004846247,0
10/02/2015 02:17,20.29,32.9,460,0.004846247,0
10/02/2015 03:06,20.245,32.845,453,0.004824538,0
10/02/2015 03:08,20.245,32.895,454.5,0.00483194,0
10/02/2015 04:20,20.15,33,446.5,0.004818864,0
10/02/2015 04:27,20.16666667,33,448,0.004823874,0
10/02/2015 04:30,20.2,33,444,0.004833908,0
10/02/2015 05:08,20.15,33,444,0.004818864,0
10/02/2015 05:17,20.15,33,449.5,0.004818864,0
10/02/2015 05:28,20.2,33,448,0.004833908,0
10/02/2015 05:38,20.15,33.09,446,0.004832109,0
10/02/2015 06:08,20.1,33.09,448,0.004817065,0
10/02/2015 06:28,20.1,33.09,448,0.004817065,0
10/02/2015 07:47,20.29,33,453,0.004861092,0
10/02/2015 08:03,20.29,33.09,453,0.004874453,0
10/02/2015 08:08,20.29,33.09,453,0.004874453,0
10/02/2015 08:51,20.5,33.7225,495.5,0.005033748,1
10/02/2015 09:03,20.65,34.145,532,0.005145095,1
10/02/2015 09:04,20.7,34.09,556.6666667,0.005152722,1
10/02/2015 09:14,20.89,35.3,663,0.005400526,1
10/02/2015 09:26,21.025,35.95,763,0.00554711,1
10/02/2015 09:27,21,35.86,771.3333333,0.005524528,1
10/02/2015 09:32,21.1,36.26,820.3333333,0.005621449,1
